exposed_date,exposed_hour,expose_cnt,watch_cnt,like_cnt,comment_cnt,avg_watch_time,watch_rate_avg
20220915,17,230,209,6,0,45.35,0.321
20220915,18,935,875,12,0,27.1,0.2906
20220915,19,1041,979,26,0,33.05,0.4196
20220915,20,1154,1059,17,0,48.59,0.4519
20220915,21,1740,1637,14,1,43.72,0.483
20220915,22,2994,2860,22,6,41.7,0.4333
20220915,23,3406,3151,116,3,39.77,0.4097
20220916,0,3581,3282,86,3,40.31,0.4163
20220916,1,4467,4176,95,9,36.34,0.4502
20220916,2,5100,4733,85,11,35.35,0.429
20220916,3,5807,5479,42,12,34.68,0.4438
20220916,4,6745,6384,171,5,36.4,0.4521
20220916,5,6748,6334,75,6,37.36,0.4757
20220916,6,5637,5400,68,14,39.04,0.4666
20220916,7,5790,5414,88,7,34.38,0.4369
20220916,8,6214,5769,76,7,35.28,0.4187
20220916,9,6428,6024,111,22,36.08,0.4027
20220916,10,7401,7072,171,9,35.56,0.4841
20220916,11,8889,8498,213,21,39.43,0.4973
20220916,12,10239,9691,213,25,36.45,0.4545
20220916,13,10650,10116,265,27,37.03,0.4707
20220916,14,8375,7972,206,27,38.43,0.4719
20220916,15,4627,4385,158,26,33.56,0.4436
20220916,17,268,244,3,0,37.55,0.3329
20220916,18,1200,1141,0,0,39.52,0.4157
20220916,19,1117,1047,9,9,35.47,0.4092
20220916,20,1142,1095,8,5,39.13,0.4408
20220916,21,1790,1696,22,0,45.95,0.5023
20220916,22,3344,3138,89,14,38.82,0.4559
20220916,23,4777,4444,141,23,40.21,0.4424
20220917,0,5711,5280,116,12,35.47,0.471
20220917,1,5796,5347,172,22,37.51,0.4491
20220917,2,5927,5630,154,9,37.6,0.4786
20220917,3,7240,6798,164,19,39.22,0.4739
20220917,4,7545,7108,137,19,34.92,0.4748
20220917,5,7011,6686,238,18,35.03,0.5018
20220917,6,6439,6042,163,24,38.12,0.4674
20220917,7,6963,6610,172,18,37.37,0.4661
20220917,8,6085,5765,88,4,35.26,0.4453
20220917,9,6126,5793,132,26,37.62,0.4339
20220917,10,6700,6371,143,11,39.87,0.4949
20220917,11,8585,8073,90,23,42.64,0.4433
20220917,12,9298,8883,154,15,40.04,0.4823
20220917,13,9246,8779,199,11,38.13,0.4743
20220917,14,7281,6859,142,18,36.51,0.491
20220917,15,4067,3896,47,5,31.98,0.4386
20220917,17,283,277,2,0,75.71,0.4398
20220917,18,1461,1398,11,3,38.48,0.4404
20220917,19,889,833,10,0,48.21,0.4817
20220917,20,939,904,36,0,41.43,0.4389
20220917,21,1683,1568,26,0,43.66,0.4416
20220917,22,2556,2372,33,6,47.82,0.5006
20220917,23,3454,3223,33,0,42.55,0.4199
20220918,0,4470,4229,130,6,42.29,0.4667
20220918,1,5795,5496,167,11,39.58,0.4661
20220918,2,5864,5605,142,29,39.41,0.5044
20220918,3,7525,7171,205,12,32.49,0.4637
20220918,4,8195,7769,231,22,36.13,0.4792
20220918,5,7256,6864,192,16,38.88,0.4476
20220918,6,6573,6249,209,3,38.7,0.4675
20220918,7,6101,5814,174,14,35.97,0.4293
20220918,8,6662,6349,93,13,29.83,0.4093
20220918,9,5680,5356,159,8,39.3,0.4587
20220918,10,6662,6262,70,20,34.97,0.4429
20220918,11,7688,7174,126,13,40.49,0.4533
20220918,12,9081,8711,163,30,40.4,0.4861
20220918,13,8096,7657,95,15,37.21,0.4659
20220918,14,5695,5412,100,10,40.95,0.4966
20220918,15,3759,3645,39,15,32.64,0.4719
20220918,17,179,170,0,0,61.8,0.5366
20220918,18,714,687,2,0,32.11,0.4303
20220918,19,597,576,0,0,41.28,0.4134
20220918,20,913,878,6,0,49.27,0.5182
20220918,21,1681,1604,18,0,54.54,0.4921
20220918,22,2641,2404,43,0,37.74,0.4914
20220918,23,2803,2593,19,12,43.23,0.4323
20220919,0,3158,2979,27,0,46.68,0.5269
20220919,1,3423,3256,37,9,41.72,0.4404
20220919,2,3390,3271,62,10,37.87,0.4565
20220919,3,4054,3835,57,0,39.11,0.4435
20220919,4,4843,4529,84,27,42.23,0.4669
20220919,5,4776,4517,80,3,47.1,0.4845
20220919,6,3972,3781,51,0,42.26,0.4507
20220919,7,4025,3782,43,0,42.12,0.4402
20220919,8,4899,4653,110,27,36.58,0.4363
20220919,9,4839,4613,52,2,34.68,0.4387
20220919,10,6166,5666,89,24,37.17,0.4526
20220919,11,8838,8259,87,21,43.27,0.4589
20220919,12,9008,8632,108,11,44.96,0.4772
20220919,13,8351,7930,112,5,36.12,0.4391
20220919,14,6617,6285,85,26,36.87,0.4473
20220919,15,3577,3376,60,0,38.82,0.4867
20220919,17,226,193,0,0,37.67,0.4378
20220919,18,899,831,6,0,39.66,0.4506
20220919,19,677,640,2,0,39.63,0.4292
20220919,20,940,847,20,0,44.07,0.4574
20220919,21,1760,1672,18,0,44.61,0.4819
20220919,22,3046,2776,31,20,34.34,0.4538
20220919,23,2856,2653,84,10,43.27,0.466
20220920,0,2756,2559,83,13,47.39,0.4637
20220920,1,3314,3095,97,11,42.22,0.4195
20220920,2,4440,4186,115,13,41.52,0.4077
20220920,3,4884,4630,121,8,42.69,0.4709
20220920,4,5829,5504,173,12,44.65,0.4808
20220920,5,5410,5117,79,5,41.5,0.4694
20220920,6,4759,4510,88,0,39.93,0.4627
20220920,7,4233,3971,64,0,40.1,0.4671
20220920,8,5042,4805,65,15,39.06,0.4751
20220920,9,5788,5526,178,0,35.85,0.4662
20220920,10,6761,6377,140,9,34.8,0.4869
20220920,11,6959,6557,111,18,39.69,0.4694
20220920,12,8370,7877,175,15,40.04,0.4522
20220920,13,8575,7991,204,3,33.62,0.4115
20220920,14,5269,4904,75,9,37.45,0.4261
20220920,15,3425,3198,43,0,30.62,0.378
20220920,17,70,70,0,0,50.26,0.4741
20220920,18,539,479,0,0,25.96,0.43
20220920,19,626,582,3,3,37.72,0.4314
20220920,20,780,700,10,0,56.98,0.4675
20220920,21,1720,1564,23,0,44.62,0.5342
20220920,22,1952,1805,50,8,37.65,0.459
20220920,23,2494,2293,77,5,45.76,0.4317
20220921,0,2378,2206,31,6,41.69,0.4292
20220921,1,3027,2854,77,25,33.26,0.4131
20220921,2,3370,3100,65,0,37.28,0.4368
20220921,3,4196,3909,69,19,35.77,0.4074
20220921,4,4500,4167,124,15,40.99,0.4735
20220921,5,4443,4160,91,0,34.68,0.4386
20220921,6,3134,2990,52,0,36.26,0.4128
20220921,7,3248,3065,49,9,42.0,0.3847
20220921,8,3013,2783,34,9,42.72,0.4629
20220921,9,4134,3957,75,0,36.97,0.4609
20220921,10,4744,4502,40,0,39.5,0.442
20220921,11,5808,5437,117,12,39.07,0.4502
20220921,12,6724,6387,137,21,35.89,0.4523
20220921,13,6258,5925,130,16,40.68,0.4819
20220921,14,4929,4595,75,17,32.0,0.4204
20220921,15,2234,2140,49,6,39.52,0.4211
20220921,17,109,94,4,0,32.61,0.3921
20220921,18,692,668,15,12,40.46,0.4004
20220921,19,527,482,0,0,40.22,0.426
20220921,20,611,580,0,3,41.41,0.4793
20220921,21,1279,1204,11,0,40.45,0.5575
20220921,22,2044,1867,30,21,50.05,0.5011
20220921,23,2212,2063,60,6,41.64,0.433
20220922,0,2033,1883,27,0,37.75,0.4571
20220922,1,2900,2765,25,0,36.2,0.4695
20220922,2,3473,3248,46,4,41.2,0.4794
20220922,3,3042,2790,73,3,43.43,0.4907
20220922,4,4030,3790,116,9,40.79,0.4186
20220922,5,4121,3898,128,1,33.37,0.4024
20220922,6,2848,2737,78,8,43.35,0.4387
20220922,7,3190,3025,33,0,31.99,0.3672
20220922,8,3051,2876,34,13,38.45,0.3891
20220922,9,3698,3394,92,0,36.86,0.4125
20220922,10,4102,3743,83,6,37.1,0.4214
20220922,11,5052,4703,144,0,37.02,0.4129
20220922,12,6055,5624,113,10,40.52,0.4564
20220922,13,5860,5596,112,3,39.26,0.4506
20220922,14,4225,3942,103,3,36.56,0.4505
20220922,15,2154,2052,40,0,42.05,0.4643
